{"accuracy": [0.7588590979576111, 0.9195675253868103, 0.9510633945465088, 0.9656163454055786, 0.9721459746360779, 0.9786756038665771, 0.9812362194061279, 0.9848495721817017, 0.9867416024208069, 0.988377571105957], "loss": [0.8197036981582642, 0.25385746359825134, 0.154946431517601, 0.10880915075540543, 0.08442283421754837, 0.06573518365621567, 0.05735429376363754, 0.048156484961509705, 0.041733965277671814, 0.0362105555832386], "val_accuracy": [0.9175392389297485, 0.926701545715332, 0.948668360710144, 0.9637491703033447, 0.9717163443565369, 0.9557250142097473, 0.9718301892280579, 0.9824151992797852, 0.9773503541946411, 0.8860118389129639], "val_loss": [0.2585538923740387, 0.23015381395816803, 0.16804173588752747, 0.11296689510345459, 0.08840925246477127, 0.1358869969844818, 0.09675402194261551, 0.054753053933382034, 0.07074388861656189, 0.4287835955619812]}