{"accuracy": [0.7687744498252869, 0.9223557710647583, 0.9491997957229614, 0.9636104702949524, 0.9732698202133179], "loss": [0.7882338762283325, 0.2479970008134842, 0.15679685771465302, 0.11168819665908813, 0.08384572714567184], "val_accuracy": [0.9030844569206238, 0.9441156387329102, 0.9463919997215271, 0.9051331877708435, 0.9766674041748047], "val_loss": [0.3076118230819702, 0.17342497408390045, 0.15969400107860565, 0.308318167924881, 0.07364512979984283]}